Model,Accuracy_train,ROC-AUC_train,Accuracy_val,ROC-AUC_val,Accuracy_test,ROC-AUC_test
Logistic Regression,0.5743919885550787,0.5505228721228033,0.5125208681135225,0.5057359669679724,0.565,0.48969593634555275
Random Forest,0.6561717352415026,0.9088943497612656,0.5058430717863105,0.49560316928914183,0.47333333333333333,0.5098834896277352
XGBoost,0.9849731663685152,0.9991324407989431,0.5008347245409015,0.5180225421269947,0.4266666666666667,0.44135265700483095
RF+XGB Ensemble,0.9617173524150269,0.9987163029525032,0.49248747913188645,0.5161254324294163,0.425,0.444899119067917
