Strategy,Cumulative Return,Sharpe Ratio,Max Drawdown
Baseline LR,0.4085844080508916,1.111596428653345,-0.19697955244468435
Random Forest,0.16383155100615387,0.7398855081770596,-0.1466155343879345
XGBoost,0.16585450874208552,0.6935282959110691,-0.07017033135255168
Buy & Hold,0.5295271561194035,1.2124388538217914,-0.18755230403972278
